{
  "timestamp": "2025-08-23 17:38:02",
  "benchmark_type": "simulation",
  "scaling_study": {
    "problem_sizes": [
      1024,
      4096,
      16384,
      65536,
      262144
    ],
    "methods": {
      "CPU_double": {
        "solve_times": [
          0.012,
          0.089,
          0.721,
          5.892,
          47.234
        ],
        "memory_usage": [
          0.008192,
          0.032768,
          0.131072,
          0.524288,
          2.097152
        ],
        "iterations": [
          8,
          8,
          9,
          9,
          10
        ]
      },
      "GPU_double": {
        "solve_times": [
          0.008,
          0.025,
          0.156,
          1.023,
          7.156
        ],
        "memory_usage": [
          0.008192,
          0.032768,
          0.131072,
          0.524288,
          2.097152
        ],
        "iterations": [
          9,
          9,
          10,
          10,
          11
        ]
      },
      "GPU_mixed": {
        "solve_times": [
          0.005,
          0.015,
          0.092,
          0.603,
          4.234
        ],
        "memory_usage": [
          0.005632,
          0.022528,
          0.090112,
          0.360448,
          1.441792
        ],
        "iterations": [
          10,
          11,
          11,
          12,
          13
        ]
      }
    },
    "analysis": {
      "max_gpu_speedup": 6.6006148686417,
      "avg_mixed_speedup": 1.669792758497055,
      "memory_savings": 31.25
    }
  },
  "convergence_study": {
    "grid_sizes": [
      17,
      33,
      65,
      129,
      257
    ],
    "h_values": [
      0.0625,
      0.03125,
      0.015625,
      0.0078125,
      0.00390625
    ],
    "equation_types": {
      "poisson": {
        "l2_errors": [
          0.0003862049527685881,
          0.00010578400480152589,
          2.8519132508394532e-05,
          6.561246869217302e-06,
          1.4988348293155068e-06
        ],
        "max_errors": [
          0.0005537116133857092,
          0.00019644904474834602,
          4.2794518462293365e-05,
          1.0315493336998345e-05,
          2.5185533534213553e-06
        ],
        "l2_convergence_rate": 2.0029770580545785,
        "max_convergence_rate": 1.9812061781967105,
        "theoretical_rate": 2.0
      },
      "heat_equation": {
        "l2_errors": [
          0.0005783662246102507,
          0.0001740004070919392,
          5.6113767005054714e-05,
          1.4617541129273153e-05,
          3.7705734566510255e-06
        ],
        "max_errors": [
          0.0009218879183882197,
          0.00022988448889263593,
          4.937431654735925e-05,
          1.7235141984620455e-05,
          5.186073329761207e-06
        ],
        "l2_convergence_rate": 1.8095429202128674,
        "max_convergence_rate": 1.868509392662623,
        "theoretical_rate": 1.9
      },
      "helmholtz": {
        "l2_errors": [
          0.0008115538850227785,
          0.0004300006405403678,
          7.548409796809616e-05,
          2.8376325996793627e-05,
          6.972781864798578e-06
        ],
        "max_errors": [
          0.0009429577975452559,
          0.0004786444651843347,
          0.00010384665822298292,
          4.553056885419794e-05,
          8.341251999068858e-06
        ],
        "l2_convergence_rate": 1.7647196553169664,
        "max_convergence_rate": 1.7035617935792846,
        "theoretical_rate": 1.9
      }
    }
  },
  "precision_comparison": {
    "problem_sizes": [
      65,
      129,
      257,
      513,
      1025
    ],
    "precision_types": {
      "FP64": {
        "solve_times": [
          6.5e-05,
          0.000129,
          0.000257,
          0.000513,
          0.0010249999999999999
        ],
        "errors": [
          2.9296875e-14,
          7.32421875e-15,
          1.8310546875e-15,
          4.57763671875e-16,
          1.1444091796875e-16
        ],
        "memory_usage": [
          0.0338,
          0.133128,
          0.528392,
          2.105352,
          8.405
        ]
      },
      "FP32": {
        "solve_times": [
          3.12e-05,
          6.191999999999999e-05,
          0.00012336,
          0.00024624,
          0.0004919999999999999
        ],
        "errors": [
          3.8e-06,
          3.8e-06,
          3.8e-06,
          3.8e-06,
          3.8e-06
        ],
        "memory_usage": [
          0.0169,
          0.066564,
          0.264196,
          1.052676,
          4.2025
        ]
      },
      "Mixed_Conservative": {
        "solve_times": [
          3.835e-05,
          7.610999999999999e-05,
          0.00015163,
          0.00030267,
          0.0006047499999999999
        ],
        "errors": [
          5.126953125e-13,
          1.28173828125e-13,
          3.204345703125e-14,
          8.0108642578125e-15,
          2.002716064453125e-15
        ],
        "memory_usage": [
          0.02197,
          0.0865332,
          0.3434548,
          1.3684788,
          5.46325
        ]
      },
      "Mixed_Aggressive": {
        "solve_times": [
          3.445e-05,
          6.837e-05,
          0.00013621000000000003,
          0.00027189,
          0.00054325
        ],
        "errors": [
          2.05078125e-11,
          5.126953125e-12,
          1.28173828125e-12,
          3.204345703125e-13,
          8.0108642578125e-14
        ],
        "memory_usage": [
          0.018590000000000002,
          0.0732204,
          0.29061560000000003,
          1.1579436,
          4.62275
        ]
      }
    },
    "analysis": {
      "mixed_conservative_speedup": 1.6949152542372883,
      "memory_reduction_conservative": 35.0,
      "mixed_aggressive_speedup": 1.8867924528301885,
      "memory_reduction_aggressive": 44.99999999999999
    }
  },
  "validation_summary": {
    "total_tests": 127,
    "tests_passed": 125,
    "tests_failed": 2,
    "pass_rate": 98.4,
    "test_categories": {
      "correctness": {
        "total": 45,
        "passed": 45,
        "pass_rate": 100.0
      },
      "convergence": {
        "total": 32,
        "passed": 32,
        "pass_rate": 100.0
      },
      "performance": {
        "total": 28,
        "passed": 27,
        "pass_rate": 96.4
      },
      "precision": {
        "total": 22,
        "passed": 21,
        "pass_rate": 95.5
      }
    },
    "convergence_rates": {
      "trigonometric_solution": {
        "l2_rate": 2.02,
        "max_rate": 1.98,
        "status": "PASSED"
      },
      "polynomial_solution": {
        "l2_rate": 2.01,
        "max_rate": 2.0,
        "status": "PASSED"
      },
      "high_frequency_solution": {
        "l2_rate": 1.97,
        "max_rate": 1.94,
        "status": "PASSED"
      },
      "boundary_layer_solution": {
        "l2_rate": 1.89,
        "max_rate": 1.85,
        "status": "PASSED"
      }
    }
  }
}